0,4.1599237,"[(-155.742, 7), (-140.901, 7), (-138.28, 2), (-137.523, 2), (-137.293, 1), (-105.08500000000001, 1)]","[(-155.742, 20)]"
0,14.339355,"[(-190.387, 4), (-186.44700000000003, 1), (-186.381, 5), (-184.18799999999996, 1), (-184.11599999999996, 1), (-183.78899999999996, 3), (-180.74399999999997, 1), (-180.02099999999996, 1), (-179.243, 1), (-176.146, 1), (-170.33800000000005, 1)]","[(-190.387, 20)]"
0,6.9897666,"[(-4980.622000000005, 1), (-4943.710999999995, 1), (-4930.207999999993, 1), (-4918.943999999993, 1), (-4876.519999999995, 1), (-4843.913999999994, 1), (-4841.176999999996, 1), (-4837.906999999995, 1), (-4826.56799999999, 1), (-4824.050000000001, 1), (-4821.725999999991, 1), (-4796.074999999993, 1), (-4783.403999999989, 1), (-4770.014999999996, 1), (-4768.533999999993, 1), (-4752.260000000003, 1), (-4743.822999999995, 1), (-4710.357999999993, 1), (-4709.6439999999975, 1), (-4704.8319999999985, 1), (-4695.841999999997, 1), (-4687.313000000001, 1), (-4675.254999999998, 1), (-4673.796999999993, 1), (-4667.871000000005, 1), (-4667.586999999996, 1), (-4662.219999999997, 1), (-4648.0390000000025, 1), (-4648.022999999997, 1), (-4639.678999999996, 1), (-4631.156999999996, 1), (-4616.867999999996, 1), (-4615.869999999993, 1), (-4607.750999999997, 1), (-4607.322, 1), (-4605.933999999993, 1), (-4593.686999999998, 1), (-4593.625999999992, 1), (-4590.534999999999, 1), (-4579.5259999999935, 1), (-4574.41599999999, 1), (-4572.036, 1), (-4565.946999999998, 1), (-4565.660999999996, 1), (-4564.504999999991, 1), (-4563.456999999991, 1), (-4554.199999999995, 1), (-4552.073000000001, 1), (-4547.870999999997, 1), (-4546.486999999996, 1), (-4527.669999999999, 1), (-4527.469999999992, 1), (-4525.191999999996, 1), (-4518.694000000001, 1), (-4518.651999999996, 1), (-4517.797999999997, 1), (-4489.315999999997, 1), (-4483.081000000004, 1), (-4474.201999999995, 1), (-4471.840999999991, 1), (-4465.597999999997, 1), (-4460.246000000001, 1), (-4447.117, 1), (-4439.365000000003, 1), (-4438.346999999994, 1), (-4432.609999999996, 1), (-4428.2139999999945, 1), (-4422.271999999995, 1), (-4417.818999999995, 1), (-4413.539999999993, 1), (-4407.481999999999, 1), (-4404.029999999986, 1), (-4400.436999999999, 1), (-4395.110999999996, 1), (-4386.043, 1), (-4361.591999999999, 1), (-4358.356999999996, 1), (-4354.439999999992, 1), (-4347.770999999995, 1), (-4344.129999999997, 1), (-4341.484999999994, 1), (-4316.684999999998, 1), (-4315.747999999998, 1), (-4293.011000000001, 1), (-4275.8839999999955, 1), (-4265.869000000006, 1), (-4262.364999999997, 1), (-4232.617999999999, 1), (-4211.192999999998, 1), (-4209.176000000001, 1), (-4198.380999999994, 1), (-4188.4540000000015, 1), (-4178.5300000000025, 1), (-4103.757, 1), (-4093.513999999996, 1), (-4091.956000000002, 1), (-4077.4440000000027, 1), (-4072.7859999999937, 1), (-4045.008999999996, 1), (-3854.3270000000016, 1)]","[(-5591.379000000013, 19), (-5583.555000000007, 1)]"
0,5.3386311,"[(-5546.806000000009, 1), (-5506.584000000013, 1), (-5487.186000000006, 1), (-5471.3170000000155, 1), (-5469.62600000001, 1), (-5396.55000000001, 1), (-5353.805000000015, 1), (-5353.682000000006, 1), (-5337.849000000013, 1), (-5333.382999999999, 1), (-5327.560000000009, 1), (-5305.4570000000085, 1), (-5285.610000000005, 1), (-5271.098000000001, 1), (-5260.237000000005, 1), (-5259.02800000001, 1), (-5248.1780000000135, 1), (-5243.289000000006, 1), (-5237.092000000012, 1), (-5235.22300000001, 1), (-5228.916000000015, 1), (-5227.5380000000105, 1), (-5219.268000000007, 1), (-5215.803000000007, 1), (-5206.328000000021, 1), (-5193.774000000009, 1), (-5184.09500000001, 1), (-5177.842000000006, 1), (-5173.690000000015, 1), (-5162.828000000018, 1), (-5144.722000000007, 1), (-5140.319000000009, 1), (-5138.54800000001, 1), (-5123.673000000011, 1), (-5117.177000000015, 1), (-5117.101000000007, 1), (-5116.158000000015, 1), (-5111.281999999998, 1), (-5111.136000000013, 1), (-5106.901000000011, 1), (-5082.1750000000075, 1), (-5064.195000000011, 1), (-5062.29, 1), (-5059.627000000016, 1), (-5056.741000000003, 1), (-5053.391000000008, 1), (-5051.842000000005, 1), (-5042.421000000008, 1), (-5041.352000000013, 1), (-5040.863000000011, 1), (-5031.581999999993, 1), (-5028.07900000001, 1), (-5020.587000000001, 1), (-5010.316000000004, 1), (-4995.60700000001, 1), (-4991.294000000018, 1), (-4983.374000000002, 1), (-4963.676000000012, 1), (-4948.8220000000165, 1), (-4920.3520000000035, 1), (-4912.338999999999, 1), (-4910.169000000023, 1), (-4901.302000000001, 1), (-4896.1200000000035, 1), (-4891.29400000001, 1), (-4874.526000000016, 1), (-4872.5890000000145, 1), (-4869.371000000001, 1), (-4856.791000000005, 1), (-4854.240000000015, 1), (-4843.8260000000055, 1), (-4840.251000000006, 1), (-4831.685000000005, 1), (-4831.026000000006, 1), (-4823.604999999995, 1), (-4807.125000000002, 1), (-4780.503000000004, 1), (-4776.465000000014, 1), (-4756.658000000005, 1), (-4755.648000000001, 1), (-4754.384000000003, 1), (-4754.20700000001, 1), (-4740.844000000004, 1), (-4698.248999999989, 1), (-4694.779000000015, 1), (-4650.982000000002, 1), (-4619.284999999998, 1), (-4605.553000000008, 1), (-4604.930000000001, 1), (-4601.684000000006, 1), (-4582.907000000008, 1), (-4571.419000000005, 1), (-4553.5689999999995, 1), (-4544.912999999998, 1), (-4539.661, 1), (-4536.832000000004, 1), (-4525.0680000000075, 1), (-4462.040000000004, 1), (-4416.6980000000085, 1), (-4255.4569999999985, 1)]","[(-6242.964000000019, 20)]"
0,5.0337344,"[(-4838.1029999999855, 1), (-4825.242999999995, 1), (-4773.708999999991, 1), (-4771.934999999986, 1), (-4762.141999999993, 1), (-4685.723999999982, 1), (-4682.31799999998, 1), (-4674.973999999987, 1), (-4669.666999999991, 1), (-4666.069999999991, 1), (-4625.099999999988, 1), (-4595.13899999999, 1), (-4593.086999999986, 1), (-4554.591999999989, 1), (-4547.886999999993, 1), (-4537.89999999999, 1), (-4516.274999999994, 1), (-4508.149999999985, 1), (-4502.78199999999, 1), (-4491.51999999999, 1), (-4490.983999999988, 1), (-4487.975999999994, 1), (-4473.649999999988, 1), (-4451.9959999999965, 1), (-4448.9059999999945, 1), (-4448.470999999996, 1), (-4439.930999999988, 1), (-4436.628999999989, 1), (-4420.036999999983, 1), (-4418.576999999991, 1), (-4406.838999999994, 1), (-4400.175999999991, 1), (-4399.821999999991, 1), (-4394.255999999993, 1), (-4394.2029999999895, 1), (-4385.095999999997, 1), (-4379.987999999991, 1), (-4378.135999999991, 1), (-4374.640999999987, 1), (-4358.904999999988, 1), (-4348.576000000002, 1), (-4347.304999999991, 1), (-4344.301999999995, 1), (-4341.694999999996, 1), (-4335.869999999994, 1), (-4322.360999999988, 1), (-4317.016999999999, 1), (-4307.3499999999985, 1), (-4292.994999999994, 1), (-4280.232999999997, 1), (-4271.175999999993, 1), (-4262.270999999988, 1), (-4258.406999999984, 1), (-4253.817999999991, 1), (-4253.46, 1), (-4245.999999999997, 1), (-4243.8759999999975, 1), (-4220.994999999995, 1), (-4198.108999999993, 1), (-4188.172, 1), (-4182.830999999998, 1), (-4180.0049999999965, 1), (-4173.408999999994, 1), (-4171.314999999995, 1), (-4164.664, 1), (-4132.667999999998, 1), (-4130.890999999997, 1), (-4129.350999999999, 1), (-4120.241000000002, 1), (-4104.207999999994, 1), (-4080.462999999992, 1), (-4070.536999999993, 1), (-4065.851000000002, 1), (-4060.097999999992, 1), (-4053.0199999999977, 1), (-4044.808999999998, 1), (-4037.217999999997, 1), (-4036.0939999999923, 1), (-4035.0919999999956, 1), (-4025.873000000005, 1), (-4002.9089999999987, 1), (-3997.3210000000004, 1), (-3988.572999999991, 1), (-3988.1599999999926, 1), (-3987.0219999999995, 1), (-3984.3639999999987, 1), (-3977.112999999996, 1), (-3960.9649999999974, 1), (-3937.6279999999956, 1), (-3890.963000000006, 1), (-3867.036, 1), (-3863.940999999997, 1), (-3838.638999999987, 1), (-3825.0139999999974, 1), (-3814.8999999999937, 1), (-3807.919000000001, 1), (-3771.0309999999927, 1), (-3768.417000000002, 1), (-3752.5719999999947, 1), (-3653.568000000004, 1)]","[(-5544.029999999993, 20)]"
0,25.9854634,"[(-6375.92900000001, 1), (-6359.985, 1), (-6261.895000000009, 1), (-6229.5090000000055, 1), (-6151.298999999995, 1), (-6112.864000000004, 1), (-6105.183999999998, 1), (-6079.239999999986, 1), (-6033.989999999993, 1), (-6027.090000000001, 1), (-6010.251000000009, 1), (-6009.916999999996, 1), (-5968.475999999999, 1), (-5958.541000000006, 1), (-5957.884999999994, 1), (-5950.883000000004, 1), (-5941.315000000008, 1), (-5892.98799999999, 1), (-5885.327999999998, 1), (-5859.275000000014, 1), (-5836.96, 1), (-5836.057000000007, 1), (-5833.480000000006, 1), (-5809.094000000003, 1), (-5799.969000000007, 1), (-5790.873000000001, 1), (-5789.724000000006, 1), (-5776.190000000004, 1), (-5764.339999999997, 1), (-5757.450999999992, 1), (-5749.228000000008, 1), (-5746.782999999999, 1), (-5743.914000000001, 1), (-5729.142000000003, 1), (-5723.462000000001, 1), (-5717.650999999998, 1), (-5716.694000000003, 1), (-5712.348999999994, 1), (-5680.159999999989, 1), (-5678.707999999998, 1), (-5672.025999999998, 1), (-5669.444000000014, 1), (-5664.528000000001, 1), (-5660.427000000002, 1), (-5658.577000000003, 1), (-5649.154999999989, 1), (-5632.3269999999975, 1), (-5626.376999999999, 1), (-5599.910999999994, 1), (-5588.821999999996, 1), (-5581.785000000009, 1), (-5578.740999999999, 1), (-5574.8319999999985, 1), (-5573.881000000004, 1), (-5566.285999999995, 1), (-5558.726, 1), (-5557.471000000003, 1), (-5548.133000000003, 1), (-5538.240999999999, 1), (-5531.326999999995, 1), (-5529.108999999996, 1), (-5528.669000000004, 1), (-5516.969999999997, 1), (-5514.648000000008, 1), (-5513.219999999993, 1), (-5511.0410000000165, 1), (-5505.711999999999, 1), (-5504.614000000014, 1), (-5498.341000000011, 1), (-5478.376000000005, 1), (-5477.838000000004, 1), (-5466.797999999994, 1), (-5455.972000000005, 1), (-5435.354, 1), (-5422.859000000004, 1), (-5419.946999999997, 1), (-5394.17800000001, 1), (-5392.2439999999915, 1), (-5336.670000000003, 1), (-5330.5949999999875, 1), (-5330.540999999988, 1), (-5328.897999999993, 1), (-5322.2489999999925, 1), (-5318.973, 1), (-5318.036000000005, 1), (-5315.928000000009, 1), (-5286.723000000018, 1), (-5275.017, 1), (-5264.080000000003, 1), (-5250.837000000008, 1), (-5211.477999999994, 1), (-5193.290999999997, 1), (-5186.340000000001, 1), (-5151.721000000003, 1), (-5133.110999999999, 1), (-5089.780000000002, 1), (-5067.180000000004, 1), (-4989.916000000015, 1), (-4966.838999999995, 1), (-4943.835999999992, 1)]","[(-6919.329999999998, 20)]"
0,4.6110877,"[(-96.881, 8), (-95.61600000000001, 3), (-89.028, 3), (-84.679, 1), (-82.215, 2), (-77.54999999999998, 1), (-71.42999999999999, 1), (-64.222, 1)]","[(-96.881, 20)]"
0,11.8721311,"[(-4951.801000000002, 1), (-4949.47, 1), (-4893.053999999996, 1), (-4839.163000000002, 1), (-4821.480000000005, 1), (-4815.0989999999865, 1), (-4804.513, 1), (-4801.766999999999, 1), (-4794.291000000008, 1), (-4790.104, 1), (-4721.1299999999965, 1), (-4714.343999999997, 1), (-4709.551000000001, 1), (-4706.850999999997, 1), (-4705.615999999996, 1), (-4693.385000000002, 1), (-4673.233000000004, 1), (-4670.340999999996, 1), (-4670.213000000004, 1), (-4668.709999999999, 1), (-4662.411000000002, 1), (-4639.689999999993, 1), (-4633.100000000002, 1), (-4633.078999999999, 1), (-4613.201000000004, 1), (-4604.853999999992, 1), (-4604.503000000004, 1), (-4597.9279999999935, 1), (-4597.361, 1), (-4596.981999999991, 1), (-4584.805, 1), (-4580.821999999996, 1), (-4571.535999999997, 1), (-4569.946999999994, 1), (-4565.690999999997, 1), (-4539.054999999995, 1), (-4536.412999999997, 1), (-4536.330999999999, 1), (-4532.814000000005, 1), (-4513.980999999994, 1), (-4501.829999999995, 1), (-4497.545000000001, 1), (-4493.153000000001, 1), (-4469.544999999998, 1), (-4465.455000000001, 1), (-4458.791, 1), (-4455.306999999999, 1), (-4446.064999999993, 1), (-4437.847999999995, 1), (-4423.510999999998, 1), (-4419.677, 1), (-4415.914999999999, 1), (-4415.226, 1), (-4413.6799999999985, 1), (-4402.157000000002, 1), (-4396.983999999997, 1), (-4395.235000000004, 1), (-4390.758999999999, 1), (-4371.314999999993, 1), (-4367.492000000006, 1), (-4364.0669999999955, 1), (-4362.681, 1), (-4345.506999999998, 1), (-4342.404000000006, 1), (-4317.405999999998, 1), (-4314.593000000003, 1), (-4303.771999999996, 1), (-4302.318000000001, 1), (-4296.656000000003, 1), (-4291.654999999998, 1), (-4288.309999999999, 1), (-4280.226999999999, 1), (-4270.991999999998, 1), (-4268.480000000005, 1), (-4260.351000000006, 1), (-4257.101, 1), (-4237.325, 1), (-4237.260999999996, 1), (-4233.475000000002, 1), (-4225.606, 1), (-4223.033000000005, 1), (-4200.667999999996, 1), (-4187.413000000008, 1), (-4166.998000000011, 1), (-4146.304999999999, 1), (-4146.114999999998, 1), (-4140.328000000001, 1), (-4112.078000000002, 1), (-4089.6190000000083, 1), (-4078.4720000000048, 1), (-4070.9370000000017, 1), (-4067.198000000003, 1), (-4059.293000000001, 1), (-4008.1480000000024, 1), (-4006.9450000000024, 1), (-3988.1979999999894, 1), (-3966.3049999999957, 1), (-3908.6159999999963, 1), (-3851.9680000000035, 1), (-3721.152000000003, 1)]","[(-5591.379000000013, 20)]"
0,4.5250098,"[(-5609.144000000015, 1), (-5531.14800000001, 1), (-5397.239000000016, 1), (-5378.878000000006, 1), (-5350.51100000001, 1), (-5349.01800000001, 1), (-5330.185000000017, 1), (-5326.612000000012, 1), (-5248.162000000006, 1), (-5239.57600000002, 1), (-5226.999000000002, 1), (-5219.360000000013, 1), (-5201.640000000015, 1), (-5188.482000000012, 1), (-5154.534000000007, 1), (-5133.2880000000105, 1), (-5124.862000000001, 1), (-5114.865000000007, 1), (-5092.865000000009, 1), (-5066.339000000005, 1), (-5048.043000000011, 1), (-5046.478000000009, 1), (-5030.717000000007, 1), (-5012.953000000017, 1), (-4999.791000000001, 1), (-4998.548000000023, 1), (-4991.65200000001, 1), (-4988.756000000009, 1), (-4986.049000000006, 1), (-4984.6030000000055, 1), (-4973.9460000000145, 1), (-4972.949000000006, 1), (-4972.922000000005, 1), (-4966.646000000015, 1), (-4957.438000000014, 1), (-4955.690999999996, 1), (-4955.284000000009, 1), (-4953.685000000008, 1), (-4952.039000000008, 1), (-4946.759000000004, 1), (-4945.2070000000085, 1), (-4920.167, 1), (-4913.217000000007, 1), (-4905.11700000001, 1), (-4904.460000000003, 1), (-4878.57400000001, 1), (-4876.129000000009, 1), (-4851.766000000002, 1), (-4830.9380000000065, 1), (-4827.003000000007, 1), (-4824.443000000003, 1), (-4821.378000000001, 1), (-4821.181000000006, 1), (-4814.29100000001, 1), (-4812.431000000008, 1), (-4808.8080000000045, 1), (-4807.658000000004, 1), (-4781.3380000000025, 1), (-4768.949000000006, 1), (-4763.9839999999995, 1), (-4762.657000000007, 1), (-4740.205000000014, 1), (-4740.108, 1), (-4714.02900000001, 1), (-4708.920000000008, 1), (-4694.124000000014, 1), (-4686.089000000005, 1), (-4684.977000000007, 1), (-4668.039000000006, 1), (-4657.883000000006, 1), (-4657.5679999999975, 1), (-4648.7710000000125, 1), (-4627.371999999999, 1), (-4626.067999999999, 1), (-4609.752999999999, 1), (-4607.529999999999, 1), (-4594.535000000013, 1), (-4579.233, 1), (-4576.256000000003, 1), (-4553.044000000012, 1), (-4550.32400000001, 1), (-4538.262000000013, 1), (-4532.474, 1), (-4531.182999999999, 1), (-4510.214000000001, 1), (-4490.180999999999, 1), (-4473.196000000004, 1), (-4471.8370000000095, 1), (-4455.869999999997, 1), (-4442.969999999997, 1), (-4439.868000000012, 1), (-4434.8830000000025, 1), (-4430.434000000005, 1), (-4418.973000000004, 1), (-4390.896000000005, 1), (-4323.472000000004, 1), (-4316.558999999997, 1), (-4304.795000000003, 1), (-4242.707999999998, 1), (-4241.550000000004, 1)]","[(-6242.964000000019, 20)]"
0,4.5062941,"[(-6336.739000000002, 1), (-6322.018000000016, 1), (-6291.486999999992, 1), (-6277.295000000005, 1), (-6270.5920000000015, 1), (-6252.163000000007, 1), (-6188.348999999995, 1), (-6186.4629999999925, 1), (-6165.460999999988, 1), (-6139.517999999999, 1), (-6123.148000000011, 1), (-6093.627000000001, 1), (-6078.485000000004, 1), (-6075.166999999996, 1), (-6074.261000000013, 1), (-6047.788999999996, 1), (-6045.857999999998, 1), (-6039.521000000015, 1), (-6034.277999999996, 1), (-6003.654000000008, 1), (-5990.539999999999, 1), (-5982.662000000013, 1), (-5972.264000000005, 1), (-5960.94100000001, 1), (-5950.196999999997, 1), (-5939.304999999993, 1), (-5938.518000000014, 1), (-5932.398000000003, 1), (-5928.810000000004, 1), (-5923.54199999999, 1), (-5911.218000000014, 1), (-5909.348999999988, 1), (-5904.550999999999, 1), (-5901.931999999992, 1), (-5894.7740000000085, 1), (-5894.731000000012, 1), (-5894.547999999997, 1), (-5883.872000000006, 1), (-5878.19500000001, 1), (-5876.594999999998, 1), (-5876.537000000007, 1), (-5854.080999999988, 1), (-5844.150000000006, 1), (-5842.870000000011, 1), (-5836.678, 1), (-5823.552000000011, 1), (-5817.488000000001, 1), (-5811.2730000000065, 1), (-5806.340000000002, 1), (-5800.707999999997, 1), (-5788.180000000013, 1), (-5783.851000000008, 1), (-5780.403000000009, 1), (-5775.661999999995, 1), (-5767.307999999998, 1), (-5757.553999999994, 1), (-5755.791000000002, 1), (-5742.6790000000165, 1), (-5739.668999999999, 1), (-5738.026999999995, 1), (-5719.018000000012, 1), (-5718.452999999999, 1), (-5708.301000000003, 1), (-5693.381999999989, 1), (-5678.922000000011, 1), (-5678.047, 1), (-5676.895999999999, 1), (-5674.550000000002, 1), (-5670.364999999999, 1), (-5665.84900000003, 1), (-5665.001000000006, 1), (-5636.639000000006, 1), (-5623.49300000001, 1), (-5620.4779999999955, 1), (-5610.7070000000085, 1), (-5587.699000000006, 1), (-5574.706000000007, 1), (-5570.198000000006, 1), (-5564.737999999986, 1), (-5562.543000000002, 1), (-5536.142000000003, 1), (-5512.235000000011, 1), (-5500.346000000018, 1), (-5477.794999999998, 1), (-5470.996000000012, 1), (-5469.919000000009, 1), (-5469.825999999998, 1), (-5465.5339999999915, 1), (-5444.3270000000075, 1), (-5417.967000000021, 1), (-5411.262000000015, 1), (-5332.1029999999955, 1), (-5320.009000000021, 1), (-5294.251000000004, 1), (-5235.40800000001, 1), (-5173.465000000005, 1), (-5132.472000000013, 1), (-5069.4929999999895, 1), (-5008.236000000001, 1), (-4972.2900000000045, 1)]","[(-6919.329999999998, 20)]"
0,21.6369848,"[(-4840.308999999992, 1), (-4742.840999999991, 1), (-4700.529999999998, 1), (-4633.146999999998, 1), (-4611.596999999997, 1), (-4583.722999999998, 1), (-4578.422999999993, 1), (-4575.574999999993, 1), (-4570.858999999997, 1), (-4544.526999999992, 1), (-4543.044000000004, 1), (-4536.884000000001, 1), (-4517.005999999995, 1), (-4498.649999999993, 1), (-4457.892000000003, 1), (-4437.6639999999925, 1), (-4395.008000000001, 1), (-4393.400999999992, 1), (-4387.968000000001, 1), (-4387.132999999994, 1), (-4379.287999999995, 1), (-4378.851000000001, 1), (-4364.4569999999985, 1), (-4360.663999999999, 1), (-4356.700999999997, 1), (-4329.342000000001, 1), (-4321.084999999993, 1), (-4304.695000000003, 1), (-4302.234000000002, 1), (-4293.780999999999, 1), (-4289.793999999994, 1), (-4284.784999999999, 1), (-4275.248000000006, 1), (-4252.859999999992, 1), (-4252.178000000003, 1), (-4251.018000000002, 1), (-4249.236999999997, 1), (-4247.281000000004, 1), (-4247.167000000005, 1), (-4244.350999999993, 1), (-4234.501999999991, 1), (-4231.5139999999965, 1), (-4216.416000000005, 1), (-4214.988999999997, 1), (-4208.197000000001, 1), (-4198.276000000002, 1), (-4196.101999999997, 1), (-4195.607999999998, 1), (-4190.814000000004, 1), (-4190.276000000001, 1), (-4188.726000000007, 1), (-4187.388000000003, 1), (-4170.764000000005, 1), (-4169.051999999993, 1), (-4166.090999999996, 1), (-4159.582000000001, 1), (-4139.065999999995, 1), (-4133.564999999999, 1), (-4129.387999999999, 1), (-4128.852999999999, 1), (-4102.416000000002, 1), (-4102.068000000001, 1), (-4090.348, 1), (-4086.2379999999994, 1), (-4081.0529999999967, 1), (-4078.187000000002, 1), (-4036.1620000000003, 1), (-4029.2779999999966, 1), (-4023.433000000003, 1), (-4020.289999999998, 1), (-4019.881999999996, 1), (-4014.4809999999984, 1), (-4014.255000000003, 1), (-4011.0000000000027, 1), (-4000.343000000003, 1), (-3999.777999999994, 1), (-3991.4379999999946, 1), (-3990.090999999995, 1), (-3989.150000000006, 1), (-3961.8240000000023, 1), (-3958.5070000000014, 1), (-3925.657000000002, 1), (-3915.951999999997, 1), (-3914.168, 1), (-3909.9429999999984, 1), (-3904.128000000002, 1), (-3813.937999999997, 1), (-3811.629, 1), (-3809.4389999999994, 1), (-3706.9779999999955, 1), (-3703.3819999999996, 1), (-3673.5700000000047, 1), (-3657.2299999999987, 1), (-3636.1890000000026, 1), (-3621.294000000005, 1), (-3614.5359999999982, 1), (-3610.332000000008, 1), (-3588.2349999999956, 1), (-3376.877000000006, 1), (-3318.4229999999993, 1)]","[(-5591.379000000013, 19), (-5583.555000000007, 1)]"
0,5.7305942,"[(-5581.879000000002, 1), (-5465.138000000009, 1), (-5440.910000000014, 1), (-5422.671000000016, 1), (-5359.846000000004, 1), (-5349.126000000006, 1), (-5311.65000000001, 1), (-5310.217000000013, 1), (-5295.356000000006, 1), (-5288.792000000002, 1), (-5278.756000000005, 1), (-5270.832, 1), (-5222.984000000007, 1), (-5205.562000000007, 1), (-5202.789000000012, 1), (-5187.846000000006, 1), (-5186.97600000001, 1), (-5173.793000000011, 1), (-5159.049999999999, 1), (-5148.836000000004, 1), (-5140.917000000006, 1), (-5137.641000000015, 1), (-5129.57800000001, 1), (-5128.704000000005, 1), (-5122.307999999996, 1), (-5110.292000000001, 1), (-5101.800000000013, 1), (-5096.572000000004, 1), (-5081.727999999999, 1), (-5054.0440000000135, 1), (-5053.74000000001, 1), (-5042.927000000007, 1), (-5039.836000000006, 1), (-5037.392000000007, 1), (-5031.90000000001, 1), (-5025.873999999993, 1), (-5019.089999999997, 1), (-5018.1430000000055, 1), (-5017.11000000001, 1), (-5011.9070000000165, 1), (-5006.235000000007, 1), (-5001.262000000007, 1), (-4991.805000000014, 1), (-4990.216999999998, 1), (-4981.192000000002, 1), (-4975.469000000006, 1), (-4971.796000000007, 1), (-4967.395000000006, 1), (-4955.434000000008, 1), (-4950.715000000007, 1), (-4949.447999999999, 1), (-4949.444999999996, 1), (-4945.4600000000055, 1), (-4938.801000000005, 1), (-4936.469999999998, 1), (-4931.546000000011, 1), (-4920.943000000009, 1), (-4909.187000000002, 1), (-4906.79800000001, 1), (-4888.254000000003, 1), (-4882.54300000001, 1), (-4865.346000000006, 1), (-4854.7440000000115, 1), (-4852.994000000002, 1), (-4850.020999999995, 1), (-4848.6880000000065, 1), (-4842.57400000001, 1), (-4835.352000000006, 1), (-4830.127000000013, 1), (-4827.184000000004, 1), (-4809.881000000008, 1), (-4786.622000000002, 1), (-4773.75500000001, 1), (-4772.285000000006, 1), (-4764.068000000005, 1), (-4747.893000000002, 1), (-4743.195000000018, 1), (-4727.414000000004, 1), (-4680.461999999992, 1), (-4663.724000000012, 1), (-4626.020000000005, 1), (-4611.861000000005, 1), (-4583.193000000016, 1), (-4578.171999999992, 1), (-4548.821000000014, 1), (-4541.551000000009, 1), (-4515.171000000018, 1), (-4514.926000000003, 1), (-4511.488000000007, 1), (-4498.808000000003, 1), (-4463.220999999998, 1), (-4462.781999999999, 1), (-4448.017000000003, 1), (-4419.976000000001, 1), (-4387.933000000004, 1), (-4275.843000000007, 1), (-4186.461, 1), (-4146.968000000006, 1), (-3913.9919999999956, 1), (-3821.7499999999995, 1)]","[(-6242.964000000019, 20)]"
0,4.4490255,"[(-6296.165000000005, 1), (-6286.808999999999, 1), (-6245.71700000001, 1), (-6239.014999999996, 1), (-6193.187000000006, 1), (-6114.645999999995, 1), (-6099.500000000013, 1), (-6099.001000000021, 1), (-6077.548999999992, 1), (-6027.346000000011, 1), (-6009.009000000005, 1), (-6003.250000000009, 1), (-5995.248999999998, 1), (-5972.903000000013, 1), (-5952.606000000009, 1), (-5943.7220000000025, 1), (-5926.054000000019, 1), (-5918.4069999999965, 1), (-5895.138000000015, 1), (-5884.763999999998, 1), (-5854.822000000018, 1), (-5849.7430000000195, 1), (-5844.682000000018, 1), (-5838.902000000018, 1), (-5836.92, 1), (-5807.18600000001, 1), (-5795.6210000000065, 1), (-5788.40800000001, 1), (-5765.380000000005, 1), (-5759.559000000003, 1), (-5757.677000000011, 1), (-5753.885000000011, 1), (-5750.0520000000115, 1), (-5745.722000000009, 1), (-5742.268000000008, 1), (-5734.709000000016, 1), (-5722.358000000018, 1), (-5706.169000000008, 1), (-5698.505000000013, 1), (-5692.131999999987, 1), (-5690.771000000012, 1), (-5689.82500000001, 1), (-5685.1510000000135, 1), (-5683.550000000007, 1), (-5675.925999999998, 1), (-5675.755000000019, 1), (-5666.896000000008, 1), (-5664.894999999992, 1), (-5660.501000000002, 1), (-5651.819999999987, 1), (-5641.035999999993, 1), (-5605.890000000001, 1), (-5605.520000000013, 1), (-5603.471999999992, 1), (-5560.316000000011, 1), (-5558.275000000008, 1), (-5556.431000000005, 1), (-5555.357000000005, 1), (-5550.999000000015, 1), (-5527.878000000008, 1), (-5519.431999999994, 1), (-5511.071000000009, 1), (-5483.446000000008, 1), (-5480.006000000009, 1), (-5471.045000000005, 1), (-5447.340999999997, 1), (-5433.401999999991, 1), (-5399.570000000001, 1), (-5389.901999999999, 1), (-5380.585000000005, 1), (-5373.714999999999, 1), (-5357.2570000000105, 1), (-5351.408000000012, 1), (-5332.972999999997, 1), (-5318.565999999991, 1), (-5313.874000000012, 1), (-5307.567000000007, 1), (-5285.156999999993, 1), (-5283.948999999995, 1), (-5281.028999999994, 1), (-5256.253999999994, 1), (-5253.941000000007, 1), (-5240.991999999998, 1), (-5227.778999999997, 1), (-5216.568000000007, 1), (-5212.897000000007, 1), (-5193.449000000005, 1), (-5167.282999999996, 1), (-5143.130000000003, 1), (-5132.006000000006, 1), (-5116.587000000009, 1), (-5047.443000000003, 1), (-5039.733000000003, 1), (-5009.881000000007, 1), (-4985.181999999999, 1), (-4953.011999999995, 1), (-4804.761999999998, 1), (-4797.011999999996, 1), (-4496.0819999999885, 1), (-4429.05200000001, 1)]","[(-6919.329999999998, 20)]"
0,4.4448832,"[(-5094.414999999998, 1), (-5020.506000000007, 1), (-4999.449999999998, 1), (-4964.8530000000055, 1), (-4936.13299999999, 1), (-4919.517000000008, 1), (-4907.982000000006, 1), (-4887.570999999997, 1), (-4879.092999999995, 1), (-4874.348999999994, 1), (-4873.893999999993, 1), (-4871.218999999988, 1), (-4870.010000000006, 1), (-4860.72599999999, 1), (-4857.871999999992, 1), (-4850.406999999994, 1), (-4845.843000000001, 1), (-4840.849999999995, 1), (-4839.199, 1), (-4823.813999999996, 1), (-4819.194999999995, 1), (-4812.909999999999, 1), (-4810.132, 1), (-4809.900999999996, 1), (-4806.463999999993, 1), (-4805.050000000006, 1), (-4801.228999999997, 1), (-4800.920999999994, 1), (-4783.5, 1), (-4779.403999999994, 1), (-4763.598999999996, 1), (-4746.2499999999945, 1), (-4741.8939999999975, 1), (-4735.231999999996, 1), (-4731.163999999995, 1), (-4730.357999999993, 1), (-4724.511999999994, 1), (-4718.782999999997, 1), (-4711.384999999998, 1), (-4709.015999999994, 1), (-4701.275999999998, 1), (-4697.296, 1), (-4684.867, 1), (-4683.072999999996, 1), (-4679.5300000000025, 1), (-4678.970999999992, 1), (-4677.768999999992, 1), (-4676.532999999993, 1), (-4668.156, 1), (-4667.372999999996, 1), (-4667.221999999999, 1), (-4665.618000000005, 1), (-4644.571999999988, 1), (-4615.946999999995, 1), (-4611.237999999996, 1), (-4601.265999999993, 1), (-4583.252999999997, 1), (-4581.608999999995, 1), (-4567.760999999994, 1), (-4567.360999999999, 1), (-4563.35899999999, 1), (-4554.726999999997, 1), (-4540.534999999994, 1), (-4529.383999999994, 1), (-4525.975999999994, 1), (-4520.337000000004, 1), (-4505.166999999994, 1), (-4496.784000000003, 1), (-4488.567999999989, 1), (-4476.451999999994, 1), (-4476.097999999992, 1), (-4474.475000000001, 1), (-4467.58899999999, 1), (-4465.664000000004, 1), (-4463.2289999999975, 1), (-4462.0199999999995, 1), (-4456.952999999997, 1), (-4453.504999999998, 1), (-4429.6889999999985, 1), (-4396.501999999992, 1), (-4387.5, 1), (-4386.3830000000025, 1), (-4354.1489999999985, 1), (-4347.374000000005, 1), (-4344.526, 1), (-4334.092999999996, 1), (-4318.679999999995, 1), (-4298.391999999999, 1), (-4288.598999999998, 1), (-4276.638999999999, 1), (-4276.548, 1), (-4246.127999999996, 1), (-4244.0669999999955, 1), (-4239.803, 1), (-4227.8629999999985, 1), (-4171.243000000004, 1), (-4114.042999999994, 1), (-4059.691000000002, 1), (-4003.7769999999987, 1), (-3820.8780000000042, 1)]","[(-5591.379000000013, 20)]"
0,4.2645934,"[(-5768.979000000008, 1), (-5623.5549999999985, 1), (-5557.324000000003, 1), (-5547.7400000000025, 1), (-5519.574000000006, 1), (-5497.291000000008, 1), (-5452.277000000006, 1), (-5439.914000000015, 1), (-5435.339000000013, 1), (-5433.501000000016, 1), (-5341.251000000008, 1), (-5336.518000000013, 1), (-5326.537000000003, 1), (-5313.2670000000235, 1), (-5302.027000000015, 1), (-5287.233000000013, 1), (-5274.518000000005, 1), (-5272.645000000007, 1), (-5258.97400000001, 1), (-5248.041000000004, 1), (-5219.601000000009, 1), (-5217.628000000006, 1), (-5206.22500000002, 1), (-5202.167000000006, 1), (-5193.272000000014, 1), (-5180.537000000003, 1), (-5173.231, 1), (-5171.04100000001, 1), (-5156.175000000002, 1), (-5155.745000000001, 1), (-5151.766000000001, 1), (-5143.493000000011, 1), (-5142.737000000003, 1), (-5141.016000000008, 1), (-5140.706000000018, 1), (-5136.316000000017, 1), (-5134.713000000004, 1), (-5127.230000000006, 1), (-5119.131000000009, 1), (-5105.273000000012, 1), (-5098.216000000013, 1), (-5094.442000000006, 1), (-5076.290000000014, 1), (-5074.4950000000035, 1), (-5072.736000000009, 1), (-5067.550000000008, 1), (-5039.001000000016, 1), (-5032.260000000006, 1), (-5021.59200000001, 1), (-5017.310000000006, 1), (-5012.496000000015, 1), (-4998.885000000009, 1), (-4997.6090000000095, 1), (-4989.475000000002, 1), (-4962.134000000011, 1), (-4950.249000000011, 1), (-4944.647000000015, 1), (-4942.491999999993, 1), (-4935.1100000000115, 1), (-4911.050000000007, 1), (-4904.86600000001, 1), (-4870.548000000006, 1), (-4870.047000000007, 1), (-4859.547999999995, 1), (-4849.73400000001, 1), (-4844.304000000006, 1), (-4834.8030000000035, 1), (-4829.2699999999995, 1), (-4825.963999999993, 1), (-4825.573000000001, 1), (-4821.186999999995, 1), (-4805.42800000001, 1), (-4805.238000000006, 1), (-4791.476000000001, 1), (-4768.816000000007, 1), (-4764.202, 1), (-4746.033000000007, 1), (-4737.179000000003, 1), (-4726.819000000001, 1), (-4725.749000000004, 1), (-4720.266000000006, 1), (-4715.868000000001, 1), (-4701.634000000006, 1), (-4641.714000000005, 1), (-4634.254000000009, 1), (-4630.633999999997, 1), (-4589.705999999998, 1), (-4586.305000000003, 1), (-4582.184000000005, 1), (-4566.759999999997, 1), (-4561.923000000001, 1), (-4553.901000000006, 1), (-4518.361000000007, 1), (-4492.246000000002, 1), (-4481.919000000001, 1), (-4448.438000000002, 1), (-4430.334000000002, 1), (-4409.075000000001, 1), (-4336.238000000004, 1), (-4055.8619999999964, 1)]","[(-6242.964000000019, 20)]"
0,4.3152209,"[(-6448.6500000000015, 1), (-6338.866, 1), (-6274.331000000001, 1), (-6220.9410000000025, 1), (-6220.1950000000015, 1), (-6192.752000000005, 1), (-6190.153999999997, 1), (-6129.381000000002, 1), (-6121.815000000006, 1), (-6108.381000000011, 1), (-6098.153000000009, 1), (-6097.3090000000175, 1), (-6084.037999999997, 1), (-6074.251000000013, 1), (-6054.958000000007, 1), (-6054.018999999992, 1), (-6048.849000000012, 1), (-6044.751000000007, 1), (-6029.987, 1), (-6027.275999999997, 1), (-6023.862000000016, 1), (-6000.049000000001, 1), (-5980.474000000005, 1), (-5978.984000000014, 1), (-5968.652000000013, 1), (-5967.422000000007, 1), (-5966.759000000003, 1), (-5946.002000000006, 1), (-5944.860000000008, 1), (-5930.343999999998, 1), (-5917.882000000002, 1), (-5913.116999999999, 1), (-5874.723000000002, 1), (-5859.252999999993, 1), (-5851.044999999995, 1), (-5849.815000000013, 1), (-5842.2, 1), (-5831.2290000000075, 1), (-5828.646000000002, 1), (-5826.976000000006, 1), (-5826.221000000011, 1), (-5803.685000000004, 1), (-5802.421000000023, 1), (-5797.849000000014, 1), (-5795.404000000015, 1), (-5787.333000000013, 1), (-5781.071000000009, 1), (-5771.798000000002, 1), (-5770.325999999991, 1), (-5764.564000000008, 1), (-5757.216000000004, 1), (-5753.5840000000035, 1), (-5752.011000000004, 1), (-5750.862000000005, 1), (-5742.382000000017, 1), (-5742.024999999994, 1), (-5729.047000000004, 1), (-5706.8539999999975, 1), (-5704.985999999998, 1), (-5703.9560000000065, 1), (-5686.812999999997, 1), (-5683.204, 1), (-5668.186000000014, 1), (-5650.156000000006, 1), (-5644.592000000006, 1), (-5635.251000000001, 1), (-5632.937000000001, 1), (-5616.372999999999, 1), (-5595.338000000011, 1), (-5573.202000000004, 1), (-5569.8270000000175, 1), (-5559.874000000006, 1), (-5553.017999999986, 1), (-5547.542000000007, 1), (-5540.189999999991, 1), (-5527.466000000007, 1), (-5524.067000000001, 1), (-5517.425000000004, 1), (-5508.998000000011, 1), (-5505.366999999999, 1), (-5495.234000000012, 1), (-5485.653999999991, 1), (-5483.189000000003, 1), (-5461.445999999998, 1), (-5456.380000000007, 1), (-5447.776999999992, 1), (-5440.028999999997, 1), (-5401.977999999997, 1), (-5400.821999999999, 1), (-5351.070000000011, 1), (-5336.682000000003, 1), (-5291.948000000002, 1), (-5235.03, 1), (-5145.125999999999, 1), (-5065.596000000007, 1), (-5055.123999999993, 1), (-4995.264000000014, 1), (-4966.603999999999, 1), (-4964.336000000011, 1), (-4959.553000000007, 1)]","[(-6919.329999999998, 20)]"
0,8.0131974,"[(-4710.088999999998, 1), (-4652.910999999999, 1), (-4423.113999999992, 1), (-4410.201000000004, 1), (-4402.826999999999, 1), (-4361.805999999994, 1), (-4300.939999999999, 1), (-4230.6690000000035, 1), (-4219.749999999999, 1), (-4176.9130000000005, 1), (-4158.325999999997, 1), (-4156.768000000004, 1), (-4119.8350000000055, 1), (-4091.769999999999, 1), (-4086.740000000005, 1), (-4075.030999999999, 1), (-4035.574000000008, 1), (-4011.836999999998, 1), (-4003.383999999992, 1), (-3979.661999999998, 1), (-3952.167000000002, 1), (-3942.834999999999, 1), (-3941.063999999997, 1), (-3928.08, 1), (-3923.2839999999997, 1), (-3922.467999999997, 1), (-3918.535000000004, 1), (-3912.488999999995, 1), (-3906.865999999999, 1), (-3904.33, 1), (-3901.9920000000034, 1), (-3892.9839999999995, 1), (-3875.850000000002, 1), (-3865.5559999999978, 1), (-3842.531, 1), (-3833.8770000000013, 1), (-3832.649999999992, 1), (-3818.979000000005, 1), (-3816.938000000007, 1), (-3816.374000000001, 1), (-3806.070000000004, 1), (-3799.5250000000024, 1), (-3786.7190000000032, 1), (-3784.8820000000073, 1), (-3783.231000000006, 1), (-3780.1190000000015, 1), (-3771.9169999999976, 1), (-3770.629999999996, 1), (-3757.049999999999, 1), (-3745.410999999999, 1), (-3742.961000000004, 1), (-3703.7019999999998, 1), (-3691.9329999999995, 1), (-3687.117999999998, 1), (-3685.348000000003, 1), (-3649.6130000000026, 1), (-3634.6019999999967, 1), (-3626.6699999999946, 1), (-3623.2959999999953, 1), (-3616.3679999999936, 1), (-3612.1490000000067, 1), (-3576.614000000003, 1), (-3565.134999999997, 1), (-3546.568999999998, 1), (-3540.4459999999985, 1), (-3529.704999999993, 1), (-3520.447000000004, 1), (-3503.0100000000016, 1), (-3502.6190000000097, 1), (-3482.5729999999994, 1), (-3471.4289999999996, 1), (-3468.095999999994, 1), (-3460.3100000000018, 1), (-3459.726999999998, 1), (-3454.4490000000023, 1), (-3453.0480000000052, 1), (-3441.9580000000087, 1), (-3439.982000000007, 1), (-3434.2840000000106, 1), (-3434.075999999999, 1), (-3407.0370000000016, 1), (-3395.5580000000027, 1), (-3380.9710000000055, 1), (-3365.2070000000026, 1), (-3348.9020000000023, 1), (-3325.3459999999995, 1), (-3277.746, 1), (-3274.7170000000033, 1), (-3223.9659999999976, 1), (-3182.858000000003, 1), (-3085.5130000000004, 1), (-3070.4950000000094, 1), (-3055.786000000006, 1), (-2985.345, 1), (-2951.037000000001, 1), (-2944.7649999999994, 1), (-2885.4930000000027, 1), (-2834.181000000008, 1), (-2627.0760000000014, 1), (-2287.5170000000026, 1)]","[(-5591.379000000013, 19), (-5591.314000000011, 1)]"
0,5.1918408,"[(-4867.740000000003, 1), (-4688.925000000006, 1), (-4674.56100000001, 1), (-4651.501000000004, 1), (-4618.634000000009, 1), (-4615.244999999998, 1), (-4590.324000000009, 1), (-4572.329, 1), (-4518.283000000001, 1), (-4511.788000000007, 1), (-4508.879000000003, 1), (-4468.306000000007, 1), (-4450.988999999993, 1), (-4428.165000000005, 1), (-4391.043000000001, 1), (-4378.787000000015, 1), (-4367.300000000012, 1), (-4366.936999999998, 1), (-4350.444999999998, 1), (-4344.513, 1), (-4312.341999999998, 1), (-4308.25, 1), (-4302.613000000008, 1), (-4301.595000000002, 1), (-4298.627000000007, 1), (-4298.042000000005, 1), (-4275.72100000001, 1), (-4271.212999999996, 1), (-4267.906, 1), (-4258.159000000008, 1), (-4249.257999999996, 1), (-4248.399000000006, 1), (-4245.862999999992, 1), (-4231.935000000011, 1), (-4217.028000000013, 1), (-4206.376000000001, 1), (-4203.075999999996, 1), (-4197.244000000009, 1), (-4188.122000000003, 1), (-4176.5480000000025, 1), (-4174.912999999993, 1), (-4172.9969999999985, 1), (-4157.380999999993, 1), (-4144.821000000001, 1), (-4133.936000000002, 1), (-4108.935000000001, 1), (-4068.629000000001, 1), (-4058.3929999999996, 1), (-4052.0169999999994, 1), (-4047.8039999999937, 1), (-4035.5219999999927, 1), (-4030.856999999988, 1), (-4020.3770000000018, 1), (-3997.9339999999993, 1), (-3981.1929999999966, 1), (-3973.444999999998, 1), (-3953.089999999998, 1), (-3932.1210000000096, 1), (-3931.2479999999955, 1), (-3910.355000000001, 1), (-3901.7049999999886, 1), (-3895.3670000000047, 1), (-3890.880999999997, 1), (-3890.487999999997, 1), (-3880.6429999999996, 1), (-3875.9640000000018, 1), (-3861.125000000001, 1), (-3860.5189999999975, 1), (-3851.310999999995, 1), (-3847.6120000000005, 1), (-3843.639000000002, 1), (-3843.6129999999985, 1), (-3836.9449999999974, 1), (-3831.318000000006, 1), (-3818.201, 1), (-3771.94600000001, 1), (-3745.5290000000014, 1), (-3728.0740000000073, 1), (-3705.1209999999946, 1), (-3694.3709999999983, 1), (-3675.325999999996, 1), (-3649.2749999999987, 1), (-3631.412999999996, 1), (-3625.671000000004, 1), (-3579.3249999999957, 1), (-3552.762999999997, 1), (-3496.1499999999987, 1), (-3494.542, 1), (-3423.1489999999976, 1), (-3401.798999999998, 1), (-3382.7140000000045, 1), (-3368.4159999999956, 1), (-3308.8489999999983, 1), (-3229.267, 1), (-3218.680999999996, 1), (-3155.4709999999973, 1), (-3150.6509999999957, 1), (-3082.4370000000017, 1), (-3078.057999999996, 1), (-3033.2679999999923, 1)]","[(-6242.964000000019, 20)]"
0,14.1096371,"[(-5695.469000000003, 1), (-5674.944000000002, 1), (-5655.200999999999, 1), (-5618.280000000007, 1), (-5457.10600000001, 1), (-5397.117, 1), (-5363.394999999999, 1), (-5335.482, 1), (-5272.496000000008, 1), (-5203.275999999995, 1), (-5199.554000000001, 1), (-5186.346999999992, 1), (-5139.996000000009, 1), (-5137.936999999998, 1), (-5121.402000000018, 1), (-5088.567999999993, 1), (-5085.980000000003, 1), (-5083.611000000006, 1), (-5079.805000000004, 1), (-5075.853000000004, 1), (-5054.094, 1), (-5045.969000000015, 1), (-5037.391000000013, 1), (-5031.752999999995, 1), (-5021.218000000015, 1), (-5018.540999999999, 1), (-5006.566999999988, 1), (-5005.328000000001, 1), (-5004.614999999997, 1), (-4993.630999999998, 1), (-4980.232000000003, 1), (-4978.411000000003, 1), (-4976.913000000005, 1), (-4969.0040000000035, 1), (-4965.534000000002, 1), (-4964.5409999999965, 1), (-4948.202000000004, 1), (-4937.785000000007, 1), (-4932.091000000018, 1), (-4930.475999999988, 1), (-4930.407000000006, 1), (-4919.218000000006, 1), (-4913.320000000004, 1), (-4912.981999999999, 1), (-4903.267999999999, 1), (-4896.28100000001, 1), (-4874.251000000008, 1), (-4873.741000000001, 1), (-4851.000000000002, 1), (-4823.980000000011, 1), (-4823.532000000006, 1), (-4819.906, 1), (-4813.422, 1), (-4804.603999999996, 1), (-4791.315000000004, 1), (-4772.237000000016, 1), (-4763.117000000002, 1), (-4755.482999999994, 1), (-4732.589999999997, 1), (-4726.241999999999, 1), (-4675.635000000006, 1), (-4658.525999999998, 1), (-4648.364999999997, 1), (-4604.363000000001, 1), (-4602.025000000005, 1), (-4586.040000000003, 1), (-4582.308999999998, 1), (-4582.181999999999, 1), (-4579.410999999998, 1), (-4560.451000000004, 1), (-4558.089000000004, 1), (-4544.769, 1), (-4518.753000000004, 1), (-4506.375000000005, 1), (-4499.3910000000005, 1), (-4498.661000000006, 1), (-4463.511999999993, 1), (-4456.792000000007, 1), (-4437.721000000007, 1), (-4394.697000000013, 1), (-4385.240000000005, 1), (-4373.021000000006, 1), (-4360.706999999999, 1), (-4343.163999999995, 1), (-4321.720999999998, 1), (-4307.856000000011, 1), (-4286.628000000005, 1), (-4274.571000000007, 1), (-4264.421000000006, 1), (-4235.945000000006, 1), (-4220.599000000013, 1), (-4177.874000000006, 1), (-4164.172000000009, 1), (-4127.94700000001, 1), (-4106.081000000004, 1), (-4041.765000000008, 1), (-4017.979000000005, 1), (-3952.7580000000103, 1), (-3949.516000000003, 1), (-3812.7570000000082, 1)]","[(-6919.329999999998, 20)]"
0,10.6239275,"[(-4992.711000000001, 1), (-4932.82999999999, 1), (-4866.28899999999, 1), (-4836.533000000003, 1), (-4806.212000000001, 1), (-4779.28099999999, 1), (-4767.008999999999, 1), (-4765.104999999998, 1), (-4760.133999999999, 1), (-4756.66999999999, 1), (-4746.913999999996, 1), (-4723.126999999998, 1), (-4704.095999999994, 1), (-4674.489999999997, 1), (-4670.54699999999, 1), (-4661.768999999997, 1), (-4640.648999999998, 1), (-4613.391999999988, 1), (-4612.054999999995, 1), (-4605.353000000005, 1), (-4596.527999999995, 1), (-4592.350999999999, 1), (-4580.002999999992, 1), (-4557.914, 1), (-4544.700999999995, 1), (-4544.112000000001, 1), (-4538.833000000001, 1), (-4537.6089999999995, 1), (-4522.679999999991, 1), (-4507.386999999997, 1), (-4505.901000000003, 1), (-4503.695999999996, 1), (-4488.225999999997, 1), (-4478.232999999999, 1), (-4476.13300000001, 1), (-4463.592999999995, 1), (-4453.432999999996, 1), (-4452.205999999999, 1), (-4442.030000000001, 1), (-4438.2909999999965, 1), (-4420.958999999994, 1), (-4399.746000000001, 1), (-4376.977999999995, 1), (-4373.992999999999, 1), (-4368.773999999998, 1), (-4368.261999999995, 1), (-4367.766999999999, 1), (-4302.7040000000015, 1), (-4282.036000000001, 1), (-4281.775000000005, 1), (-4266.564000000003, 1), (-4265.543000000002, 1), (-4265.322000000001, 1), (-4255.940000000001, 1), (-4249.517000000002, 1), (-4246.347, 1), (-4244.418000000001, 1), (-4237.4109999999955, 1), (-4231.478000000004, 1), (-4231.314, 1), (-4229.540000000004, 1), (-4222.331000000001, 1), (-4195.103999999996, 1), (-4175.300000000001, 1), (-4173.289000000006, 1), (-4162.239999999999, 1), (-4152.735000000007, 1), (-4147.829000000003, 1), (-4136.862999999998, 1), (-4133.6989999999905, 1), (-4113.136000000002, 1), (-4110.4950000000035, 1), (-4108.719999999998, 1), (-4097.642999999995, 1), (-4094.5079999999984, 1), (-4085.4050000000007, 1), (-4081.022999999996, 1), (-4069.0959999999995, 1), (-4066.737999999996, 1), (-4064.906999999995, 1), (-4063.8399999999974, 1), (-4056.961999999997, 1), (-4042.5029999999974, 1), (-4030.7780000000007, 1), (-3999.224999999997, 1), (-3967.7910000000034, 1), (-3966.4540000000043, 1), (-3965.4399999999996, 1), (-3897.7939999999976, 1), (-3887.7640000000038, 1), (-3883.0669999999936, 1), (-3873.3249999999953, 1), (-3835.390000000003, 1), (-3833.8380000000034, 1), (-3818.8530000000005, 1), (-3811.433999999997, 1), (-3792.6039999999953, 1), (-3682.461000000004, 1), (-3666.0290000000086, 1), (-3644.3629999999985, 1)]","[(-5591.379000000013, 18), (-5583.555000000007, 1), (-5580.69900000001, 1)]"
0,4.7458807,"[(-5483.998000000012, 1), (-5475.962999999998, 1), (-5444.298000000014, 1), (-5403.117000000014, 1), (-5360.984000000021, 1), (-5338.015999999997, 1), (-5296.098000000003, 1), (-5283.451000000012, 1), (-5276.535000000011, 1), (-5270.402000000015, 1), (-5263.355000000012, 1), (-5251.807000000011, 1), (-5248.888000000004, 1), (-5234.864, 1), (-5190.699000000015, 1), (-5175.92900000001, 1), (-5172.008999999999, 1), (-5151.1529999999975, 1), (-5148.187000000013, 1), (-5146.975000000014, 1), (-5136.387000000003, 1), (-5126.6100000000215, 1), (-5123.5710000000145, 1), (-5114.78400000002, 1), (-5110.030000000008, 1), (-5089.621000000001, 1), (-5059.81600000002, 1), (-5055.031000000022, 1), (-5044.951000000004, 1), (-5016.05000000001, 1), (-4985.463000000004, 1), (-4972.420000000009, 1), (-4971.852000000009, 1), (-4970.822000000002, 1), (-4964.396999999993, 1), (-4951.603000000001, 1), (-4941.616000000011, 1), (-4938.947000000006, 1), (-4937.4170000000095, 1), (-4925.051000000002, 1), (-4921.292000000013, 1), (-4921.10400000001, 1), (-4919.351999999996, 1), (-4909.664000000008, 1), (-4909.395000000011, 1), (-4903.311000000005, 1), (-4896.947000000004, 1), (-4892.012000000001, 1), (-4889.279999999997, 1), (-4882.271000000002, 1), (-4872.451000000008, 1), (-4867.872000000012, 1), (-4862.478000000006, 1), (-4858.888000000012, 1), (-4827.8090000000075, 1), (-4817.29200000001, 1), (-4815.873000000006, 1), (-4806.184000000008, 1), (-4751.420000000007, 1), (-4743.372000000008, 1), (-4730.371000000008, 1), (-4720.162000000003, 1), (-4705.864000000001, 1), (-4698.485000000002, 1), (-4694.838000000003, 1), (-4694.543000000002, 1), (-4682.369000000006, 1), (-4681.288000000002, 1), (-4680.354000000007, 1), (-4679.105000000003, 1), (-4666.683000000013, 1), (-4663.408999999994, 1), (-4657.929000000019, 1), (-4646.119000000005, 1), (-4640.872000000013, 1), (-4610.371000000003, 1), (-4609.338000000007, 1), (-4598.386, 1), (-4586.427000000003, 1), (-4577.720999999995, 1), (-4540.82700000001, 1), (-4534.839000000013, 1), (-4527.410000000006, 1), (-4523.592000000012, 1), (-4512.982000000006, 1), (-4504.407000000008, 1), (-4496.691000000001, 1), (-4496.141000000002, 1), (-4495.129000000012, 1), (-4489.331999999995, 1), (-4387.033000000006, 1), (-4385.236000000011, 1), (-4354.2130000000025, 1), (-4311.709999999993, 1), (-4292.9820000000045, 1), (-4270.090999999999, 1), (-4212.552999999999, 1), (-4177.548999999998, 1), (-4077.5480000000002, 1), (-3824.546000000001, 1)]","[(-6242.964000000019, 20)]"
0,27.7645555,"[(-6129.810999999993, 1), (-6077.980000000004, 1), (-6044.649999999999, 1), (-6015.726000000007, 1), (-6002.963000000012, 1), (-6002.441000000002, 1), (-5988.119000000009, 1), (-5983.615999999999, 1), (-5979.381, 1), (-5952.593999999998, 1), (-5951.836, 1), (-5948.811000000002, 1), (-5927.398999999999, 1), (-5918.379000000018, 1), (-5913.903000000004, 1), (-5905.700999999996, 1), (-5891.009000000005, 1), (-5889.464999999989, 1), (-5880.564000000007, 1), (-5866.112000000019, 1), (-5863.096999999999, 1), (-5858.3369999999995, 1), (-5853.783999999997, 1), (-5851.676999999999, 1), (-5837.307000000003, 1), (-5836.679000000017, 1), (-5827.021000000013, 1), (-5814.626000000014, 1), (-5797.48, 1), (-5773.307999999984, 1), (-5769.695000000006, 1), (-5765.871000000008, 1), (-5753.096000000012, 1), (-5752.249999999998, 1), (-5750.045999999999, 1), (-5747.370000000007, 1), (-5746.661000000003, 1), (-5743.701000000003, 1), (-5737.660999999997, 1), (-5734.796999999997, 1), (-5725.756000000006, 1), (-5723.378000000039, 1), (-5723.220000000001, 1), (-5719.6810000000105, 1), (-5718.58200000001, 1), (-5714.751000000015, 1), (-5714.56899999998, 1), (-5706.149000000002, 1), (-5699.536000000006, 1), (-5682.078999999997, 1), (-5672.238999999994, 1), (-5667.561000000004, 1), (-5667.181000000004, 1), (-5665.975000000014, 1), (-5621.313999999996, 1), (-5610.919000000004, 1), (-5610.917000000013, 1), (-5604.990000000006, 1), (-5589.435999999997, 1), (-5549.046000000012, 1), (-5548.529999999997, 1), (-5540.760000000016, 1), (-5539.5800000000145, 1), (-5528.677000000002, 1), (-5516.264, 1), (-5505.449999999993, 1), (-5485.9019999999955, 1), (-5453.045000000002, 1), (-5433.905000000007, 1), (-5431.691999999998, 1), (-5431.5240000000085, 1), (-5386.131000000009, 1), (-5378.0369999999975, 1), (-5367.248, 1), (-5344.602000000013, 1), (-5330.395000000007, 1), (-5330.363000000004, 1), (-5328.964999999986, 1), (-5300.642000000005, 1), (-5297.491999999986, 1), (-5293.166999999994, 1), (-5291.725000000014, 1), (-5291.093000000007, 1), (-5277.743000000014, 1), (-5264.252999999996, 1), (-5263.792999999997, 1), (-5255.208000000005, 1), (-5254.825000000012, 1), (-5231.970000000013, 1), (-5226.961, 1), (-5226.328000000019, 1), (-5224.037000000005, 1), (-5139.0350000000235, 1), (-5136.932000000014, 1), (-5058.643000000001, 1), (-5032.125000000004, 1), (-4999.035999999999, 1), (-4997.919000000005, 1), (-4996.390000000012, 1), (-4916.410000000008, 1)]","[(-6919.329999999998, 20)]"
